Modèle,Test MAE,Test R²,CV MAE,CV STD
CatBoost,2.197033224518649,0.9112768333008197,2.6967390516762038,0.1423470321776144
LightGBM,2.573664857948091,0.8855966442670715,2.8955062713179758,0.1783730649904248
XGBoost,2.6022247913337795,0.8842338461483816,2.854352876940866,0.11286907691753376
